Student Name,Card UID,Date,Time
Student 1,A96E9504,2026-10-01,13:47:17
Student 2,AB529E04,2026-10-01,13:47:42
Student 3,594AB9D4,2026-10-01,13:47:55
Student 1,A96E9504,2026-10-01,13:48:07
Student 1,A96E9504,2026-10-01,13:48:23
Student 1,A96E9504,2026-10-01,13:48:25
Student 1,A96E9504,2026-10-01,13:48:26
Student 1,A96E9504,2026-10-01,13:48:26
Student 1,A96E9504,2026-10-01,13:48:27
Student 1,A96E9504,2026-10-01,13:48:27
Student 2,AB529E04,2026-10-01,13:49:02
Student 3,594AB9D4,2026-10-01,13:49:03
Student 2,AB529E04,2026-10-01,13:49:03
Student 2,AB529E04,2026-10-01,13:49:04
